min_episode_id;pers_id;parliament_id
NL_Schermerhorn_Willem_1894__NL_NT-TK_1945__cab;NL_Schermerhorn_Willem_1894;NL_NT-TK_1945
NL_vanKleffens_Eelco_1894__NL_NT-TK_1945__cab;NL_vanKleffens_Eelco_1894;NL_NT-TK_1945
NL_vanRoijen_Herman_1905__NL_NT-TK_1945__cab;NL_vanRoijen_Herman_1905;NL_NT-TK_1945
NL_Kolfschoten_Hans_1903__NL_NT-TK_1945__cab;NL_Kolfschoten_Hans_1903;NL_NT-TK_1945
NL_Beel_Louis_1902__NL_NT-TK_1945__cab;NL_Beel_Louis_1902;NL_NT-TK_1945
NL_vanderLeeuw_Gerard_1890__NL_NT-TK_1945__cab;NL_vanderLeeuw_Gerard_1890;NL_NT-TK_1945
NL_Lieftinck_Piet_1902__NL_NT-TK_1945__cab;NL_Lieftinck_Piet_1902;NL_NT-TK_1945
NL_Meynen_Jo_1901__NL_NT-TK_1945__cab;NL_Meynen_Jo_1901;NL_NT-TK_1945
NL_deBooy_Jim_1885__NL_NT-TK_1945__cab;NL_deBooy_Jim_1885;NL_NT-TK_1945
NL_Ringers_Johan_1885__NL_NT-TK_1945__cab;NL_Ringers_Johan_1885;NL_NT-TK_1945
NL_vanSchaik_Steef_1888__NL_NT-TK_1945__cab;NL_vanSchaik_Steef_1888;NL_NT-TK_1945
NL_Vos_Hein_1903__NL_NT-TK_1945__cab;NL_Vos_Hein_1903;NL_NT-TK_1945
NL_Mansholt_Sicco_1908__NL_NT-TK_1945__cab;NL_Mansholt_Sicco_1908;NL_NT-TK_1945
NL_Drees_Willem_1886__NL_NT-TK_1945__cab;NL_Drees_Willem_1886;NL_NT-TK_1945
NL_Logemann_Johann_1892__NL_NT-TK_1945__cab;NL_Logemann_Johann_1892;NL_NT-TK_1945
NL_Beel_Louis_1902__NL_NT-TK_1946__cab;NL_Beel_Louis_1902;NL_NT-TK_1946
NL_vanBoetzelaer_Pim_1892__NL_NT-TK_1946__cab;NL_vanBoetzelaer_Pim_1892;NL_NT-TK_1946
NL_vanMaarseveen_Johannes_1894__NL_NT-TK_1946__cab;NL_vanMaarseveen_Johannes_1894;NL_NT-TK_1946
NL_Witteman_Piet_1892__NL_NT-TK_1946__cab;NL_Witteman_Piet_1892;NL_NT-TK_1946
NL_Gielen_Jos_1898__NL_NT-TK_1946__cab;NL_Gielen_Jos_1898;NL_NT-TK_1946
NL_Lieftinck_Piet_1902__NL_NT-TK_1946__cab;NL_Lieftinck_Piet_1902;NL_NT-TK_1946
NL_Fievez_Alexander_1902__NL_NT-TK_1946__cab;NL_Fievez_Alexander_1902;NL_NT-TK_1946
NL_Schagen_Jules_1896__NL_NT-TK_1946__cab;NL_Schagen_Jules_1896;NL_NT-TK_1946
NL_Ringers_Johan_1885__NL_NT-TK_1946__cab;NL_Ringers_Johan_1885;NL_NT-TK_1946
NL_Vos_Hein_1903__NL_NT-TK_1946__cab;NL_Vos_Hein_1903;NL_NT-TK_1946
NL_Neher_Lambertus_1889__NL_NT-TK_1946__cab;NL_Neher_Lambertus_1889;NL_NT-TK_1946
NL_intVeld_Joris_1895__NL_NT-TK_1946__cab;NL_intVeld_Joris_1895;NL_NT-TK_1946
NL_Huysmans_Gerardus_1902__NL_NT-TK_1946__cab;NL_Huysmans_Gerardus_1902;NL_NT-TK_1946
NL_Mansholt_Sicco_1908__NL_NT-TK_1946__cab;NL_Mansholt_Sicco_1908;NL_NT-TK_1946
NL_vandenBrink_Jan_1915__NL_NT-TK_1946__cab;NL_vandenBrink_Jan_1915;NL_NT-TK_1946
NL_Drees_Willem_1886__NL_NT-TK_1946__cab;NL_Drees_Willem_1886;NL_NT-TK_1946
NL_Jonkman_Jan_1891__NL_NT-TK_1946__cab;NL_Jonkman_Jan_1891;NL_NT-TK_1946
NL_vanKleffens_Eelco_1894__NL_NT-TK_1946__cab;NL_vanKleffens_Eelco_1894;NL_NT-TK_1946
NL_Goetzen_Lubbertus_1894__NL_NT-TK_1946__cab;NL_Goetzen_Lubbertus_1894;NL_NT-TK_1946
NL_Drees_Willem_1886__NL_NT-TK_1948__cab;NL_Drees_Willem_1886;NL_NT-TK_1948
NL_vanSchaik_Josef_1882__NL_NT-TK_1948__cab;NL_vanSchaik_Josef_1882;NL_NT-TK_1948
NL_Stikker_Dirk_1897__NL_NT-TK_1948__cab;NL_Stikker_Dirk_1897;NL_NT-TK_1948
NL_Blom_Nico_1899__NL_NT-TK_1948__cab;NL_Blom_Nico_1899;NL_NT-TK_1948
NL_Wijers_Rene_1891__NL_NT-TK_1948__cab;NL_Wijers_Rene_1891;NL_NT-TK_1948
NL_vanMaarseveen_Johannes_1894__NL_NT-TK_1948__cab;NL_vanMaarseveen_Johannes_1894;NL_NT-TK_1948
NL_Struycken_Teun_1906__NL_NT-TK_1948__cab;NL_Struycken_Teun_1906;NL_NT-TK_1948
NL_Teulings_Frans_1891__NL_NT-TK_1948__cab;NL_Teulings_Frans_1891;NL_NT-TK_1948
NL_Rutten_Theo_1899__NL_NT-TK_1948__cab;NL_Rutten_Theo_1899;NL_NT-TK_1948
NL_Cals_Jo_1914__NL_NT-TK_1948__cab;NL_Cals_Jo_1914;NL_NT-TK_1948
NL_Lieftinck_Piet_1902__NL_NT-TK_1948__cab;NL_Lieftinck_Piet_1902;NL_NT-TK_1948
NL_Schokking_Wim_1900__NL_NT-TK_1948__cab;NL_Schokking_Wim_1900;NL_NT-TK_1948
NL_sJacob_Hans_1906__NL_NT-TK_1948__cab;NL_sJacob_Hans_1906;NL_NT-TK_1948
NL_Fockema_Wim_1909__NL_NT-TK_1948__cab;NL_Fockema_Wim_1909;NL_NT-TK_1948
NL_Moorman_Harry_1899__NL_NT-TK_1948__cab;NL_Moorman_Harry_1899;NL_NT-TK_1948
NL_intVeld_Joris_1895__NL_NT-TK_1948__cab;NL_intVeld_Joris_1895;NL_NT-TK_1948
NL_Spitzen_Dirk_1896__NL_NT-TK_1948__cab;NL_Spitzen_Dirk_1896;NL_NT-TK_1948
NL_vandenBrink_Jan_1915__NL_NT-TK_1948__cab;NL_vandenBrink_Jan_1915;NL_NT-TK_1948
NL_vanderGrinten_Wim_1913__NL_NT-TK_1948__cab;NL_vanderGrinten_Wim_1913;NL_NT-TK_1948
NL_Mansholt_Sicco_1908__NL_NT-TK_1948__cab;NL_Mansholt_Sicco_1908;NL_NT-TK_1948
NL_Joekes_Dolf_1885__NL_NT-TK_1948__cab;NL_Joekes_Dolf_1885;NL_NT-TK_1948
NL_vanRhijn_Aat_1892__NL_NT-TK_1948__cab;NL_vanRhijn_Aat_1892;NL_NT-TK_1948
NL_Muntendam_Piet_1901__NL_NT-TK_1948__cab;NL_Muntendam_Piet_1901;NL_NT-TK_1948
NL_Sassen_Maan_1911__NL_NT-TK_1948__cab;NL_Sassen_Maan_1911;NL_NT-TK_1948
NL_Goetzen_Lubbertus_1894__NL_NT-TK_1948__cab;NL_Goetzen_Lubbertus_1894;NL_NT-TK_1948
NL_Mulderije_Hendrik_1896__NL_NT-TK_1948__cab;NL_Mulderije_Hendrik_1896;NL_NT-TK_1948
NL_Beel_Louis_1902__NL_NT-TK_1948__cab;NL_Beel_Louis_1902;NL_NT-TK_1948
NL_Staf_Kees_1905__NL_NT-TK_1948__cab;NL_Staf_Kees_1905;NL_NT-TK_1948
NL_Kranenburg_Ferdinand_1911__NL_NT-TK_1948__cab;NL_Kranenburg_Ferdinand_1911;NL_NT-TK_1948
NL_Wemmers_Hendrik_1897__NL_NT-TK_1948__cab;NL_Wemmers_Hendrik_1897;NL_NT-TK_1948
NL_Albregts_Guus_1900__NL_NT-TK_1948__cab;NL_Albregts_Guus_1900;NL_NT-TK_1948
NL_Peters_Leonard_1900__NL_NT-TK_1948__cab;NL_Peters_Leonard_1900;NL_NT-TK_1948
NL_Drees_Willem_1886__NL_NT-TK_1952__cab;NL_Drees_Willem_1886;NL_NT-TK_1952
NL_Beyen_Johan_1897__NL_NT-TK_1952__cab;NL_Beyen_Johan_1897;NL_NT-TK_1952
NL_Luns_Joseph_1911__NL_NT-TK_1952__cab;NL_Luns_Joseph_1911;NL_NT-TK_1952
NL_Donker_Leendert_1899__NL_NT-TK_1952__cab;NL_Donker_Leendert_1899;NL_NT-TK_1952
NL_Beel_Louis_1902__NL_NT-TK_1952__cab;NL_Beel_Louis_1902;NL_NT-TK_1952
NL_vanOven_Julius_1881__NL_NT-TK_1952__cab;NL_vanOven_Julius_1881;NL_NT-TK_1952
NL_Cals_Jo_1914__NL_NT-TK_1952__cab;NL_Cals_Jo_1914;NL_NT-TK_1952
NL_deWaal_Anna_1906__NL_NT-TK_1952__cab;NL_deWaal_Anna_1906;NL_NT-TK_1952
NL_vandeKieft_Johan_1884__NL_NT-TK_1952__cab;NL_vandeKieft_Johan_1884;NL_NT-TK_1952
NL_vandenBerge_Willem_1905__NL_NT-TK_1952__cab;NL_vandenBerge_Willem_1905;NL_NT-TK_1952
NL_Staf_Kees_1905__NL_NT-TK_1952__cab;NL_Staf_Kees_1905;NL_NT-TK_1952
NL_Kranenburg_Ferdinand_1911__NL_NT-TK_1952__cab;NL_Kranenburg_Ferdinand_1911;NL_NT-TK_1952
NL_Moorman_Harry_1899__NL_NT-TK_1952__cab;NL_Moorman_Harry_1899;NL_NT-TK_1952
NL_Witte_Herman_1909__NL_NT-TK_1952__cab;NL_Witte_Herman_1909;NL_NT-TK_1952
NL_Algera_Jacob_1902__NL_NT-TK_1952__cab;NL_Algera_Jacob_1902;NL_NT-TK_1952
NL_Zijlstra_Jelle_1918__NL_NT-TK_1952__cab;NL_Zijlstra_Jelle_1918;NL_NT-TK_1952
NL_Veldkamp_Gerard_1921__NL_NT-TK_1952__cab;NL_Veldkamp_Gerard_1921;NL_NT-TK_1952
NL_deBruijn_Adrianus_1887__NL_NT-TK_1952__cab;NL_deBruijn_Adrianus_1887;NL_NT-TK_1952
NL_Mansholt_Sicco_1908__NL_NT-TK_1952__cab;NL_Mansholt_Sicco_1908;NL_NT-TK_1952
NL_Suurhoff_Ko_1905__NL_NT-TK_1952__cab;NL_Suurhoff_Ko_1905;NL_NT-TK_1952
NL_vanRhijn_Aat_1892__NL_NT-TK_1952__cab;NL_vanRhijn_Aat_1892;NL_NT-TK_1952
NL_Muntendam_Piet_1901__NL_NT-TK_1952__cab;NL_Muntendam_Piet_1901;NL_NT-TK_1952
NL_vanThiel_Frans_1906__NL_NT-TK_1952__cab;NL_vanThiel_Frans_1906;NL_NT-TK_1952
NL_Kernkamp_Willem_1899__NL_NT-TK_1952__cab;NL_Kernkamp_Willem_1899;NL_NT-TK_1952
NL_Drees_Willem_1886__NL_NT-TK_1956__cab;NL_Drees_Willem_1886;NL_NT-TK_1956
NL_Struycken_Teun_1906__NL_NT-TK_1956__cab;NL_Struycken_Teun_1906;NL_NT-TK_1956
NL_Luns_Joseph_1911__NL_NT-TK_1956__cab;NL_Luns_Joseph_1911;NL_NT-TK_1956
NL_vanderBeugel_Ernst_1918__NL_NT-TK_1956__cab;NL_vanderBeugel_Ernst_1918;NL_NT-TK_1956
NL_Samkalden_Ivo_1912__NL_NT-TK_1956__cab;NL_Samkalden_Ivo_1912;NL_NT-TK_1956
NL_Suurhoff_Ko_1905__NL_NT-TK_1956__cab;NL_Suurhoff_Ko_1905;NL_NT-TK_1956
NL_Schmelzer_Norbert_1921__NL_NT-TK_1956__cab;NL_Schmelzer_Norbert_1921;NL_NT-TK_1956
NL_Cals_Jo_1914__NL_NT-TK_1956__cab;NL_Cals_Jo_1914;NL_NT-TK_1956
NL_deWaal_Anna_1906__NL_NT-TK_1956__cab;NL_deWaal_Anna_1906;NL_NT-TK_1956
NL_Hoeppener_Rene_1903__NL_NT-TK_1956__cab;NL_Hoeppener_Rene_1903;NL_NT-TK_1956
NL_Hofstra_Henk_1904__NL_NT-TK_1956__cab;NL_Hofstra_Henk_1904;NL_NT-TK_1956
NL_Staf_Kees_1905__NL_NT-TK_1956__cab;NL_Staf_Kees_1905;NL_NT-TK_1956
NL_Kranenburg_Ferdinand_1911__NL_NT-TK_1956__cab;NL_Kranenburg_Ferdinand_1911;NL_NT-TK_1956
NL_vanVeen_Meine_1893__NL_NT-TK_1956__cab;NL_vanVeen_Meine_1893;NL_NT-TK_1956
NL_Moorman_Harry_1899__NL_NT-TK_1956__cab;NL_Moorman_Harry_1899;NL_NT-TK_1956
NL_Witte_Herman_1909__NL_NT-TK_1956__cab;NL_Witte_Herman_1909;NL_NT-TK_1956
NL_Algera_Jacob_1902__NL_NT-TK_1956__cab;NL_Algera_Jacob_1902;NL_NT-TK_1956
NL_vanAartsen_Jan_1909__NL_NT-TK_1956__cab;NL_vanAartsen_Jan_1909;NL_NT-TK_1956
NL_Zijlstra_Jelle_1918__NL_NT-TK_1956__cab;NL_Zijlstra_Jelle_1918;NL_NT-TK_1956
NL_Veldkamp_Gerard_1921__NL_NT-TK_1956__cab;NL_Veldkamp_Gerard_1921;NL_NT-TK_1956
NL_Mansholt_Sicco_1908__NL_NT-TK_1956__cab;NL_Mansholt_Sicco_1908;NL_NT-TK_1956
NL_Vondeling_Anne_1916__NL_NT-TK_1956__cab;NL_Vondeling_Anne_1916;NL_NT-TK_1956
NL_vanRhijn_Aat_1892__NL_NT-TK_1956__cab;NL_vanRhijn_Aat_1892;NL_NT-TK_1956
NL_Klompe_Marga_1912__NL_NT-TK_1956__cab;NL_Klompe_Marga_1912;NL_NT-TK_1956
NL_Helders_Gerard_1905__NL_NT-TK_1956__cab;NL_Helders_Gerard_1905;NL_NT-TK_1956
NL_Beel_Louis_1902__NL_NT-TK_1956__cab;NL_Beel_Louis_1902;NL_NT-TK_1956
NL_deQuay_Jan_1901__NL_NT-TK_1959__cab;NL_deQuay_Jan_1901;NL_NT-TK_1959
NL_Korthals_Henk_1911__NL_NT-TK_1959__cab;NL_Korthals_Henk_1911;NL_NT-TK_1959
NL_Schmelzer_Norbert_1921__NL_NT-TK_1959__cab;NL_Schmelzer_Norbert_1921;NL_NT-TK_1959
NL_Luns_Joseph_1911__NL_NT-TK_1959__cab;NL_Luns_Joseph_1911;NL_NT-TK_1959
NL_vanHouten_Hans_1907__NL_NT-TK_1959__cab;NL_vanHouten_Hans_1907;NL_NT-TK_1959
NL_Beerman_Albert_1901__NL_NT-TK_1959__cab;NL_Beerman_Albert_1901;NL_NT-TK_1959
NL_Toxopeus_Edzo_1918__NL_NT-TK_1959__cab;NL_Toxopeus_Edzo_1918;NL_NT-TK_1959
NL_Bot_Theo_1911__NL_NT-TK_1959__cab;NL_Bot_Theo_1911;NL_NT-TK_1959
NL_Cals_Jo_1914__NL_NT-TK_1959__cab;NL_Cals_Jo_1914;NL_NT-TK_1959
NL_Stubenrouch_Gerard_1918__NL_NT-TK_1959__cab;NL_Stubenrouch_Gerard_1918;NL_NT-TK_1959
NL_Scholten_Ynso_1918__NL_NT-TK_1959__cab;NL_Scholten_Ynso_1918;NL_NT-TK_1959
NL_Janssen_Harry_1910__NL_NT-TK_1959__cab;NL_Janssen_Harry_1910;NL_NT-TK_1959
NL_Zijlstra_Jelle_1918__NL_NT-TK_1959__cab;NL_Zijlstra_Jelle_1918;NL_NT-TK_1959
NL_vandenBerge_Willem_1905__NL_NT-TK_1959__cab;NL_vandenBerge_Willem_1905;NL_NT-TK_1959
NL_vandenBergh_Sidney_1898__NL_NT-TK_1959__cab;NL_vandenBergh_Sidney_1898;NL_NT-TK_1959
NL_Visser_Sim_1908__NL_NT-TK_1959__cab;NL_Visser_Sim_1908;NL_NT-TK_1959
NL_Calmeyer_Michael_1895__NL_NT-TK_1959__cab;NL_Calmeyer_Michael_1895;NL_NT-TK_1959
NL_deJong_Piet_1915__NL_NT-TK_1959__cab;NL_deJong_Piet_1915;NL_NT-TK_1959
NL_vanAartsen_Jan_1909__NL_NT-TK_1959__cab;NL_vanAartsen_Jan_1909;NL_NT-TK_1959
NL_Stijkel_Eddie_1918__NL_NT-TK_1959__cab;NL_Stijkel_Eddie_1918;NL_NT-TK_1959
NL_dePous_Jan_1920__NL_NT-TK_1959__cab;NL_dePous_Jan_1920;NL_NT-TK_1959
NL_Veldkamp_Gerard_1921__NL_NT-TK_1959__cab;NL_Veldkamp_Gerard_1921;NL_NT-TK_1959
NL_Gijzels_Frans_1911__NL_NT-TK_1959__cab;NL_Gijzels_Frans_1911;NL_NT-TK_1959
NL_Marijnen_Victor_1917__NL_NT-TK_1959__cab;NL_Marijnen_Victor_1917;NL_NT-TK_1959
NL_vanRooy_Charles_1912__NL_NT-TK_1959__cab;NL_vanRooy_Charles_1912;NL_NT-TK_1959
NL_Roolvink_Bauke_1912__NL_NT-TK_1959__cab;NL_Roolvink_Bauke_1912;NL_NT-TK_1959
NL_Klompe_Marga_1912__NL_NT-TK_1959__cab;NL_Klompe_Marga_1912;NL_NT-TK_1959
NL_Marijnen_Victor_1917__NL_NT-TK_1963__cab;NL_Marijnen_Victor_1917;NL_NT-TK_1963
NL_Biesheuvel_Barend_1920__NL_NT-TK_1963__cab;NL_Biesheuvel_Barend_1920;NL_NT-TK_1963
NL_Luns_Joseph_1911__NL_NT-TK_1963__cab;NL_Luns_Joseph_1911;NL_NT-TK_1963
NL_deBlock_Leo_1904__NL_NT-TK_1963__cab;NL_deBlock_Leo_1904;NL_NT-TK_1963
NL_Diepenhorst_Isaaec_1907__NL_NT-TK_1963__cab;NL_Diepenhorst_Isaaec_1907;NL_NT-TK_1963
NL_Scholten_Ynso_1918__NL_NT-TK_1963__cab;NL_Scholten_Ynso_1918;NL_NT-TK_1963
NL_Toxopeus_Edzo_1918__NL_NT-TK_1963__cab;NL_Toxopeus_Edzo_1918;NL_NT-TK_1963
NL_Bot_Theo_1911__NL_NT-TK_1963__cab;NL_Bot_Theo_1911;NL_NT-TK_1963
NL_Grosheide_Hans_1930__NL_NT-TK_1963__cab;NL_Grosheide_Hans_1930;NL_NT-TK_1963
NL_vandeLaar_Louis_1921__NL_NT-TK_1963__cab;NL_vandeLaar_Louis_1921;NL_NT-TK_1963
NL_Witteveen_Johan_1921__NL_NT-TK_1963__cab;NL_Witteveen_Johan_1921;NL_NT-TK_1963
NL_vandenBerge_Willem_1905__NL_NT-TK_1963__cab;NL_vandenBerge_Willem_1905;NL_NT-TK_1963
NL_deJong_Piet_1915__NL_NT-TK_1963__cab;NL_deJong_Piet_1915;NL_NT-TK_1963
NL_Haex_Joop_1911__NL_NT-TK_1963__cab;NL_Haex_Joop_1911;NL_NT-TK_1963
NL_vanEs_Adri_1913__NL_NT-TK_1963__cab;NL_vanEs_Adri_1913;NL_NT-TK_1963
NL_denToom_Willem_1911__NL_NT-TK_1963__cab;NL_denToom_Willem_1911;NL_NT-TK_1963
NL_Bogaers_Pieter_1924__NL_NT-TK_1963__cab;NL_Bogaers_Pieter_1924;NL_NT-TK_1963
NL_vanAartsen_Jan_1909__NL_NT-TK_1963__cab;NL_vanAartsen_Jan_1909;NL_NT-TK_1963
NL_Keyzer_Mike_1911__NL_NT-TK_1963__cab;NL_Keyzer_Mike_1911;NL_NT-TK_1963
NL_Andriessen_Koos_1928__NL_NT-TK_1963__cab;NL_Andriessen_Koos_1928;NL_NT-TK_1963
NL_Bakker_Joop_1921__NL_NT-TK_1963__cab;NL_Bakker_Joop_1921;NL_NT-TK_1963
NL_Veldkamp_Gerard_1921__NL_NT-TK_1963__cab;NL_Veldkamp_Gerard_1921;NL_NT-TK_1963
NL_Bartels_Louis_1915__NL_NT-TK_1963__cab;NL_Bartels_Louis_1915;NL_NT-TK_1963
NL_deMeijer_Jose_1915__NL_NT-TK_1963__cab;NL_deMeijer_Jose_1915;NL_NT-TK_1963
NL_Schouwenaar_Jo_1909__NL_NT-TK_1963__cab;NL_Schouwenaar_Jo_1909;NL_NT-TK_1963
NL_Cals_Jo_1914__NL_NT-TK_1963__cab;NL_Cals_Jo_1914;NL_NT-TK_1963
NL_Vondeling_Anne_1916__NL_NT-TK_1963__cab;NL_Vondeling_Anne_1916;NL_NT-TK_1963
NL_vanderStoel_Max_1924__NL_NT-TK_1963__cab;NL_vanderStoel_Max_1924;NL_NT-TK_1963
NL_Samkalden_Ivo_1912__NL_NT-TK_1963__cab;NL_Samkalden_Ivo_1912;NL_NT-TK_1963
NL_Smallenbroek_Jan_1909__NL_NT-TK_1963__cab;NL_Smallenbroek_Jan_1909;NL_NT-TK_1963
NL_Verdam_Koos_1915__NL_NT-TK_1963__cab;NL_Verdam_Koos_1915;NL_NT-TK_1963
NL_Westerhout_Theo_1922__NL_NT-TK_1963__cab;NL_Westerhout_Theo_1922;NL_NT-TK_1963
NL_Diepenhorst_Isaaec_1916__NL_NT-TK_1963__cab;NL_Diepenhorst_Isaaec_1916;NL_NT-TK_1963
NL_Hoefnagels_Wiel_1929__NL_NT-TK_1963__cab;NL_Hoefnagels_Wiel_1929;NL_NT-TK_1963
NL_Peijnenburg_Gerard_1919__NL_NT-TK_1963__cab;NL_Peijnenburg_Gerard_1919;NL_NT-TK_1963
NL_Borghouts_Jan_1910__NL_NT-TK_1963__cab;NL_Borghouts_Jan_1910;NL_NT-TK_1963
NL_Schaper_Heije_1906__NL_NT-TK_1963__cab;NL_Schaper_Heije_1906;NL_NT-TK_1963
NL_Suurhoff_Ko_1905__NL_NT-TK_1963__cab;NL_Suurhoff_Ko_1905;NL_NT-TK_1963
NL_Posthumus_Siep_1910__NL_NT-TK_1963__cab;NL_Posthumus_Siep_1910;NL_NT-TK_1963
NL_denUyl_Joop_1919__NL_NT-TK_1963__cab;NL_denUyl_Joop_1919;NL_NT-TK_1963
NL_Vrolijk_Maarten_1919__NL_NT-TK_1963__cab;NL_Vrolijk_Maarten_1919;NL_NT-TK_1963
NL_Egas_Cees_1913__NL_NT-TK_1963__cab;NL_Egas_Cees_1913;NL_NT-TK_1963
NL_Zijlstra_Jelle_1918__NL_NT-TK_1963__cab;NL_Zijlstra_Jelle_1918;NL_NT-TK_1963
NL_deQuay_Jan_1901__NL_NT-TK_1963__cab;NL_deQuay_Jan_1901;NL_NT-TK_1963
NL_Struycken_Teun_1906__NL_NT-TK_1963__cab;NL_Struycken_Teun_1906;NL_NT-TK_1963
NL_Witte_Herman_1909__NL_NT-TK_1963__cab;NL_Witte_Herman_1909;NL_NT-TK_1963
NL_vanSon_Louis_1922__NL_NT-TK_1963__cab;NL_vanSon_Louis_1922;NL_NT-TK_1963
NL_Klompe_Marga_1912__NL_NT-TK_1963__cab;NL_Klompe_Marga_1912;NL_NT-TK_1963
NL_deJong_Piet_1915__NL_NT-TK_1967__cab;NL_deJong_Piet_1915;NL_NT-TK_1967
NL_Bakker_Joop_1921__NL_NT-TK_1967__cab;NL_Bakker_Joop_1921;NL_NT-TK_1967
NL_Witteveen_Johan_1921__NL_NT-TK_1967__cab;NL_Witteveen_Johan_1921;NL_NT-TK_1967
NL_Luns_Joseph_1911__NL_NT-TK_1967__cab;NL_Luns_Joseph_1911;NL_NT-TK_1967
NL_deKoster_Hans_1914__NL_NT-TK_1967__cab;NL_deKoster_Hans_1914;NL_NT-TK_1967
NL_Udink_Be_1926__NL_NT-TK_1967__cab;NL_Udink_Be_1926;NL_NT-TK_1967
NL_Polak_Carel_1909__NL_NT-TK_1967__cab;NL_Polak_Carel_1909;NL_NT-TK_1967
NL_Wiersma_Klaas_1917__NL_NT-TK_1967__cab;NL_Wiersma_Klaas_1917;NL_NT-TK_1967
NL_Beernink_Henk_1910__NL_NT-TK_1967__cab;NL_Beernink_Henk_1910;NL_NT-TK_1967
NL_vanVeen_Chris_1922__NL_NT-TK_1967__cab;NL_vanVeen_Chris_1922;NL_NT-TK_1967
NL_Veringa_Gerard_1924__NL_NT-TK_1967__cab;NL_Veringa_Gerard_1924;NL_NT-TK_1967
NL_Grosheide_Hans_1930__NL_NT-TK_1967__cab;NL_Grosheide_Hans_1930;NL_NT-TK_1967
NL_Grapperhaus_Ferd_1927__NL_NT-TK_1967__cab;NL_Grapperhaus_Ferd_1927;NL_NT-TK_1967
NL_denToom_Willem_1911__NL_NT-TK_1967__cab;NL_denToom_Willem_1911;NL_NT-TK_1967
NL_vanEs_Adri_1913__NL_NT-TK_1967__cab;NL_vanEs_Adri_1913;NL_NT-TK_1967
NL_Haex_Joop_1911__NL_NT-TK_1967__cab;NL_Haex_Joop_1911;NL_NT-TK_1967
NL_Duynstee_Bob_1920__NL_NT-TK_1967__cab;NL_Duynstee_Bob_1920;NL_NT-TK_1967
NL_Schut_Wim_1920__NL_NT-TK_1967__cab;NL_Schut_Wim_1920;NL_NT-TK_1967
NL_Keyzer_Mike_1911__NL_NT-TK_1967__cab;NL_Keyzer_Mike_1911;NL_NT-TK_1967
NL_deBlock_Leo_1904__NL_NT-TK_1967__cab;NL_deBlock_Leo_1904;NL_NT-TK_1967
NL_Nelissen_Roelof_1931__NL_NT-TK_1967__cab;NL_Nelissen_Roelof_1931;NL_NT-TK_1967
NL_vanSon_Louis_1922__NL_NT-TK_1967__cab;NL_vanSon_Louis_1922;NL_NT-TK_1967
NL_Lardinois_Pierre_1924__NL_NT-TK_1967__cab;NL_Lardinois_Pierre_1924;NL_NT-TK_1967
NL_Roolvink_Bauke_1912__NL_NT-TK_1967__cab;NL_Roolvink_Bauke_1912;NL_NT-TK_1967
NL_Kruisinga_Roelof_1922__NL_NT-TK_1967__cab;NL_Kruisinga_Roelof_1922;NL_NT-TK_1967
NL_Klompe_Marga_1912__NL_NT-TK_1967__cab;NL_Klompe_Marga_1912;NL_NT-TK_1967
NL_vandePoel_Hein_1915__NL_NT-TK_1967__cab;NL_vandePoel_Hein_1915;NL_NT-TK_1967
NL_Biesheuvel_Barend_1920__NL_NT-TK_1971__cab;NL_Biesheuvel_Barend_1920;NL_NT-TK_1971
NL_Geertsema_Molly_1918__NL_NT-TK_1971__cab;NL_Geertsema_Molly_1918;NL_NT-TK_1971
NL_Nelissen_Roelof_1931__NL_NT-TK_1971__cab;NL_Nelissen_Roelof_1931;NL_NT-TK_1971
NL_Schmelzer_Norbert_1921__NL_NT-TK_1971__cab;NL_Schmelzer_Norbert_1921;NL_NT-TK_1971
NL_Westerterp_Tjerk_1930__NL_NT-TK_1971__cab;NL_Westerterp_Tjerk_1930;NL_NT-TK_1971
NL_Boertien_Kees_1927__NL_NT-TK_1971__cab;NL_Boertien_Kees_1927;NL_NT-TK_1971
NL_vanAgt_Dries_1931__NL_NT-TK_1971__cab;NL_vanAgt_Dries_1931;NL_NT-TK_1971
NL_Grosheide_Hans_1930__NL_NT-TK_1971__cab;NL_Grosheide_Hans_1930;NL_NT-TK_1971
NL_vanStuijvenberg_Jan_1928__NL_NT-TK_1971__cab;NL_vanStuijvenberg_Jan_1928;NL_NT-TK_1971
NL_vanVeen_Chris_1922__NL_NT-TK_1971__cab;NL_vanVeen_Chris_1922;NL_NT-TK_1971
NL_Schelfhout_Kees_1918__NL_NT-TK_1971__cab;NL_Schelfhout_Kees_1918;NL_NT-TK_1971
NL_deBrauw_Mauk_1925__NL_NT-TK_1971__cab;NL_deBrauw_Mauk_1925;NL_NT-TK_1971
NL_vanderStee_Fons_1928__NL_NT-TK_1971__cab;NL_vanderStee_Fons_1928;NL_NT-TK_1971
NL_Scholten_Willem_1927__NL_NT-TK_1971__cab;NL_Scholten_Willem_1927;NL_NT-TK_1971
NL_deKoster_Hans_1914__NL_NT-TK_1971__cab;NL_deKoster_Hans_1914;NL_NT-TK_1971
NL_vanEs_Adri_1913__NL_NT-TK_1971__cab;NL_vanEs_Adri_1913;NL_NT-TK_1971
NL_Udink_Be_1926__NL_NT-TK_1971__cab;NL_Udink_Be_1926;NL_NT-TK_1971
NL_Buck_Werner_1925__NL_NT-TK_1971__cab;NL_Buck_Werner_1925;NL_NT-TK_1971
NL_Drees_Wim_1922__NL_NT-TK_1971__cab;NL_Drees_Wim_1922;NL_NT-TK_1971
NL_Kruisinga_Roelof_1922__NL_NT-TK_1971__cab;NL_Kruisinga_Roelof_1922;NL_NT-TK_1971
NL_Langman_Harrie_1931__NL_NT-TK_1971__cab;NL_Langman_Harrie_1931;NL_NT-TK_1971
NL_Oostenbrink_Jan_1936__NL_NT-TK_1971__cab;NL_Oostenbrink_Jan_1936;NL_NT-TK_1971
NL_Lardinois_Pierre_1924__NL_NT-TK_1971__cab;NL_Lardinois_Pierre_1924;NL_NT-TK_1971
NL_Boersma_Jaap_1929__NL_NT-TK_1971__cab;NL_Boersma_Jaap_1929;NL_NT-TK_1971
NL_Rietkerk_Koos_1927__NL_NT-TK_1971__cab;NL_Rietkerk_Koos_1927;NL_NT-TK_1971
NL_Engels_Piet_1923__NL_NT-TK_1971__cab;NL_Engels_Piet_1923;NL_NT-TK_1971
NL_Vonhoff_Henk_1931__NL_NT-TK_1971__cab;NL_Vonhoff_Henk_1931;NL_NT-TK_1971
NL_vanVeenendaal_Fia_1918__NL_NT-TK_1971__cab;NL_vanVeenendaal_Fia_1918;NL_NT-TK_1971
NL_Stuijt_Louis_1914__NL_NT-TK_1971__cab;NL_Stuijt_Louis_1914;NL_NT-TK_1971
NL_denUyl_Joop_1919__NL_NT-TK_1973__cab;NL_denUyl_Joop_1919;NL_NT-TK_1973
NL_vanAgt_Dries_1931__NL_NT-TK_1973__cab;NL_vanAgt_Dries_1931;NL_NT-TK_1973
NL_deGaay_Wilhelm_1911__NL_NT-TK_1973__cab;NL_deGaay_Wilhelm_1911;NL_NT-TK_1973
NL_vanderStoel_Max_1924__NL_NT-TK_1973__cab;NL_vanderStoel_Max_1924;NL_NT-TK_1973
NL_Kooijmans_Peter_1933__NL_NT-TK_1973__cab;NL_Kooijmans_Peter_1933;NL_NT-TK_1973
NL_Brinkhorst_Laurens_1937__NL_NT-TK_1973__cab;NL_Brinkhorst_Laurens_1937;NL_NT-TK_1973
NL_Pronk_Jan_1940__NL_NT-TK_1973__cab;NL_Pronk_Jan_1940;NL_NT-TK_1973
NL_Glastra_Jan_1920__NL_NT-TK_1973__cab;NL_Glastra_Jan_1920;NL_NT-TK_1973
NL_Zeevalking_Henk_1922__NL_NT-TK_1973__cab;NL_Zeevalking_Henk_1922;NL_NT-TK_1973
NL_Polak_Wim_1924__NL_NT-TK_1973__cab;NL_Polak_Wim_1924;NL_NT-TK_1973
NL_vanKemenade_Jos_1937__NL_NT-TK_1973__cab;NL_vanKemenade_Jos_1937;NL_NT-TK_1973
NL_Veerman_Antoon_1916__NL_NT-TK_1973__cab;NL_Veerman_Antoon_1916;NL_NT-TK_1973
NL_Klein_Ger_1925__NL_NT-TK_1973__cab;NL_Klein_Ger_1925;NL_NT-TK_1973
NL_deJong_Klaas_1926__NL_NT-TK_1973__cab;NL_deJong_Klaas_1926;NL_NT-TK_1973
NL_Trip_Boy_1921__NL_NT-TK_1973__cab;NL_Trip_Boy_1921;NL_NT-TK_1973
NL_Duisenberg_Wim_1935__NL_NT-TK_1973__cab;NL_Duisenberg_Wim_1935;NL_NT-TK_1973
NL_deGoede_Aar_1928__NL_NT-TK_1973__cab;NL_deGoede_Aar_1928;NL_NT-TK_1973
NL_vanderStee_Fons_1928__NL_NT-TK_1973__cab;NL_vanderStee_Fons_1928;NL_NT-TK_1973
NL_vanRooijen_Martin_1942__NL_NT-TK_1973__cab;NL_vanRooijen_Martin_1942;NL_NT-TK_1973
NL_Vredeling_Henk_1924__NL_NT-TK_1973__cab;NL_Vredeling_Henk_1924;NL_NT-TK_1973
NL_Stemerdink_Bram_1936__NL_NT-TK_1973__cab;NL_Stemerdink_Bram_1936;NL_NT-TK_1973
NL_Mommersteeg_Joep_1917__NL_NT-TK_1973__cab;NL_Mommersteeg_Joep_1917;NL_NT-TK_1973
NL_vanLent_Cees_1922__NL_NT-TK_1973__cab;NL_vanLent_Cees_1922;NL_NT-TK_1973
NL_Gruijters_Hans_1931__NL_NT-TK_1973__cab;NL_Gruijters_Hans_1931;NL_NT-TK_1973
NL_vanDam_Marcel_1938__NL_NT-TK_1973__cab;NL_vanDam_Marcel_1938;NL_NT-TK_1973
NL_Schaefer_Jan_1940__NL_NT-TK_1973__cab;NL_Schaefer_Jan_1940;NL_NT-TK_1973
NL_Westerterp_Tjerk_1930__NL_NT-TK_1973__cab;NL_Westerterp_Tjerk_1930;NL_NT-TK_1973
NL_vanHulten_Michel_1930__NL_NT-TK_1973__cab;NL_vanHulten_Michel_1930;NL_NT-TK_1973
NL_Lubbers_Ruud_1939__NL_NT-TK_1973__cab;NL_Lubbers_Ruud_1939;NL_NT-TK_1973
NL_Hazekamp_Ted_1926__NL_NT-TK_1973__cab;NL_Hazekamp_Ted_1926;NL_NT-TK_1973
NL_Brouwer_Tiemen_1916__NL_NT-TK_1973__cab;NL_Brouwer_Tiemen_1916;NL_NT-TK_1973
NL_Boersma_Jaap_1929__NL_NT-TK_1973__cab;NL_Boersma_Jaap_1929;NL_NT-TK_1973
NL_Mertens_Jan_1916__NL_NT-TK_1973__cab;NL_Mertens_Jan_1916;NL_NT-TK_1973
NL_vanDoorn_Harry_1915__NL_NT-TK_1973__cab;NL_vanDoorn_Harry_1915;NL_NT-TK_1973
NL_Meijer_Wim_1939__NL_NT-TK_1973__cab;NL_Meijer_Wim_1939;NL_NT-TK_1973
NL_Vorrink_Irene_1918__NL_NT-TK_1973__cab;NL_Vorrink_Irene_1918;NL_NT-TK_1973
NL_Hendriks_Jo_1923__NL_NT-TK_1973__cab;NL_Hendriks_Jo_1923;NL_NT-TK_1973
NL_vanAgt_Dries_1931__NL_NT-TK_1977__cab;NL_vanAgt_Dries_1931;NL_NT-TK_1977
NL_Wiegel_Hans_1941__NL_NT-TK_1977__cab;NL_Wiegel_Hans_1941;NL_NT-TK_1977
NL_vanderKlaauw_Chris_1924__NL_NT-TK_1977__cab;NL_vanderKlaauw_Chris_1924;NL_NT-TK_1977
NL_vanderMei_Durk_1924__NL_NT-TK_1977__cab;NL_vanderMei_Durk_1924;NL_NT-TK_1977
NL_deKoning_Jan_1926__NL_NT-TK_1977__cab;NL_deKoning_Jan_1926;NL_NT-TK_1977
NL_deRuiter_Job_1930__NL_NT-TK_1977__cab;NL_deRuiter_Job_1930;NL_NT-TK_1977
NL_Haars_Bert_1913__NL_NT-TK_1977__cab;NL_Haars_Bert_1913;NL_NT-TK_1977
NL_Koning_Henk_1933__NL_NT-TK_1977__cab;NL_Koning_Henk_1933;NL_NT-TK_1977
NL_Pais_Arie_1930__NL_NT-TK_1977__cab;NL_Pais_Arie_1930;NL_NT-TK_1977
NL_deJong_Klaas_1926__NL_NT-TK_1977__cab;NL_deJong_Klaas_1926;NL_NT-TK_1977
NL_Hermes_Ad_1929__NL_NT-TK_1977__cab;NL_Hermes_Ad_1929;NL_NT-TK_1977
NL_Peijnenburg_Rinus_1928__NL_NT-TK_1977__cab;NL_Peijnenburg_Rinus_1928;NL_NT-TK_1977
NL_Ginjaar_Leendert_1928__NL_NT-TK_1977__cab;NL_Ginjaar_Leendert_1928;NL_NT-TK_1977
NL_vanTrier_Ton_1926__NL_NT-TK_1977__cab;NL_vanTrier_Ton_1926;NL_NT-TK_1977
NL_Andriessen_Frans_1929__NL_NT-TK_1977__cab;NL_Andriessen_Frans_1929;NL_NT-TK_1977
NL_vanAardenne_Gijs_1930__NL_NT-TK_1977__cab;NL_vanAardenne_Gijs_1930;NL_NT-TK_1977
NL_vanderStee_Fons_1928__NL_NT-TK_1977__cab;NL_vanderStee_Fons_1928;NL_NT-TK_1977
NL_Nooteboom_Ad_1928__NL_NT-TK_1977__cab;NL_Nooteboom_Ad_1928;NL_NT-TK_1977
NL_vanAmelsvoort_Marius_1930__NL_NT-TK_1977__cab;NL_vanAmelsvoort_Marius_1930;NL_NT-TK_1977
NL_Kruisinga_Roelof_1922__NL_NT-TK_1977__cab;NL_Kruisinga_Roelof_1922;NL_NT-TK_1977
NL_Scholten_Willem_1927__NL_NT-TK_1977__cab;NL_Scholten_Willem_1927;NL_NT-TK_1977
NL_deGeus_Pieter_1929__NL_NT-TK_1977__cab;NL_deGeus_Pieter_1929;NL_NT-TK_1977
NL_vanLent_Cees_1922__NL_NT-TK_1977__cab;NL_vanLent_Cees_1922;NL_NT-TK_1977
NL_vanEekelen_Wim_1931__NL_NT-TK_1977__cab;NL_vanEekelen_Wim_1931;NL_NT-TK_1977
NL_Beelaerts_Pieter_1932__NL_NT-TK_1977__cab;NL_Beelaerts_Pieter_1932;NL_NT-TK_1977
NL_Tuijnman_Dany_1915__NL_NT-TK_1977__cab;NL_Tuijnman_Dany_1915;NL_NT-TK_1977
NL_Brokx_Gerrit_1933__NL_NT-TK_1977__cab;NL_Brokx_Gerrit_1933;NL_NT-TK_1977
NL_Kroes_Neelie_1941__NL_NT-TK_1977__cab;NL_Kroes_Neelie_1941;NL_NT-TK_1977
NL_Hazekamp_Ted_1926__NL_NT-TK_1977__cab;NL_Hazekamp_Ted_1926;NL_NT-TK_1977
NL_Beyen_Has_1923__NL_NT-TK_1977__cab;NL_Beyen_Has_1923;NL_NT-TK_1977
NL_Braks_Gerrit_1933__NL_NT-TK_1977__cab;NL_Braks_Gerrit_1933;NL_NT-TK_1977
NL_Albeda_Wil_1925__NL_NT-TK_1977__cab;NL_Albeda_Wil_1925;NL_NT-TK_1977
NL_deGraaf_Louw_1930__NL_NT-TK_1977__cab;NL_deGraaf_Louw_1930;NL_NT-TK_1977
NL_Gardeniers_Til_1925__NL_NT-TK_1977__cab;NL_Gardeniers_Til_1925;NL_NT-TK_1977
NL_Kraaijeveld_Jeltien_1932__NL_NT-TK_1977__cab;NL_Kraaijeveld_Jeltien_1932;NL_NT-TK_1977
NL_Wallis_Gerard_1936__NL_NT-TK_1977__cab;NL_Wallis_Gerard_1936;NL_NT-TK_1977
NL_Veder_Els_1921__NL_NT-TK_1977__cab;NL_Veder_Els_1921;NL_NT-TK_1977
NL_vanAgt_Dries_1931__NL_NT-TK_1981__cab;NL_vanAgt_Dries_1931;NL_NT-TK_1981
NL_denUyl_Joop_1919__NL_NT-TK_1981__cab;NL_denUyl_Joop_1919;NL_NT-TK_1981
NL_Terlouw_Jan_1931__NL_NT-TK_1981__cab;NL_Terlouw_Jan_1931;NL_NT-TK_1981
NL_vanderStoel_Max_1924__NL_NT-TK_1981__cab;NL_vanderStoel_Max_1924;NL_NT-TK_1981
NL_vandenBroek_Hans_1936__NL_NT-TK_1981__cab;NL_vandenBroek_Hans_1936;NL_NT-TK_1981
NL_vanDijk_Kees_1931__NL_NT-TK_1981__cab;NL_vanDijk_Kees_1931;NL_NT-TK_1981
NL_deRuiter_Job_1930__NL_NT-TK_1981__cab;NL_deRuiter_Job_1930;NL_NT-TK_1981
NL_Scheltema_Michiel_1939__NL_NT-TK_1981__cab;NL_Scheltema_Michiel_1939;NL_NT-TK_1981
NL_vanThijn_Ed_1934__NL_NT-TK_1981__cab;NL_vanThijn_Ed_1934;NL_NT-TK_1981
NL_Stuiveling_Saskia_1945__NL_NT-TK_1981__cab;NL_Stuiveling_Saskia_1945;NL_NT-TK_1981
NL_vanLeijenhorst_Gerard_1928__NL_NT-TK_1981__cab;NL_vanLeijenhorst_Gerard_1928;NL_NT-TK_1981
NL_vanKemenade_Jos_1937__NL_NT-TK_1981__cab;NL_vanKemenade_Jos_1937;NL_NT-TK_1981
NL_Hermes_Ad_1929__NL_NT-TK_1981__cab;NL_Hermes_Ad_1929;NL_NT-TK_1981
NL_Deetman_Wim_1945__NL_NT-TK_1981__cab;NL_Deetman_Wim_1945;NL_NT-TK_1981
NL_vanderStee_Fons_1928__NL_NT-TK_1981__cab;NL_vanderStee_Fons_1928;NL_NT-TK_1981
NL_Kombrink_Hans_1946__NL_NT-TK_1981__cab;NL_Kombrink_Hans_1946;NL_NT-TK_1981
NL_vanMierlo_Hans_1931__NL_NT-TK_1981__cab;NL_vanMierlo_Hans_1931;NL_NT-TK_1981
NL_Stemerdink_Bram_1936__NL_NT-TK_1981__cab;NL_Stemerdink_Bram_1936;NL_NT-TK_1981
NL_vanHouwelingen_Jan_1939__NL_NT-TK_1981__cab;NL_vanHouwelingen_Jan_1939;NL_NT-TK_1981
NL_vanDam_Marcel_1938__NL_NT-TK_1981__cab;NL_vanDam_Marcel_1938;NL_NT-TK_1981
NL_Langedijk_Siepie_1940__NL_NT-TK_1981__cab;NL_Langedijk_Siepie_1940;NL_NT-TK_1981
NL_Zeevalking_Henk_1922__NL_NT-TK_1981__cab;NL_Zeevalking_Henk_1922;NL_NT-TK_1981
NL_vanderDoef_Jaap_1934__NL_NT-TK_1981__cab;NL_vanderDoef_Jaap_1934;NL_NT-TK_1981
NL_Dik_Wim_1939__NL_NT-TK_1981__cab;NL_Dik_Wim_1939;NL_NT-TK_1981
NL_vanZeil_Piet_1927__NL_NT-TK_1981__cab;NL_vanZeil_Piet_1927;NL_NT-TK_1981
NL_deKoning_Jan_1926__NL_NT-TK_1981__cab;NL_deKoning_Jan_1926;NL_NT-TK_1981
NL_Dales_Ien_1931__NL_NT-TK_1981__cab;NL_Dales_Ien_1931;NL_NT-TK_1981
NL_dAncona_Hedy_1937__NL_NT-TK_1981__cab;NL_dAncona_Hedy_1937;NL_NT-TK_1981
NL_vanderLouw_Andre_1933__NL_NT-TK_1981__cab;NL_vanderLouw_Andre_1933;NL_NT-TK_1981
NL_deBoer_Hans_1937__NL_NT-TK_1981__cab;NL_deBoer_Hans_1937;NL_NT-TK_1981
NL_Gardeniers_Til_1925__NL_NT-TK_1981__cab;NL_Gardeniers_Til_1925;NL_NT-TK_1981
NL_Lambers_Ineke_1946__NL_NT-TK_1981__cab;NL_Lambers_Ineke_1946;NL_NT-TK_1981
NL_vanAgt_Dries_1931__NL_NT-TK_1982__cab;NL_vanAgt_Dries_1931;NL_NT-TK_1982
NL_Terlouw_Jan_1931__NL_NT-TK_1982__cab;NL_Terlouw_Jan_1931;NL_NT-TK_1982
NL_vandenBroek_Hans_1936__NL_NT-TK_1982__cab;NL_vandenBroek_Hans_1936;NL_NT-TK_1982
NL_vanDijk_Kees_1931__NL_NT-TK_1982__cab;NL_vanDijk_Kees_1931;NL_NT-TK_1982
NL_deRuiter_Job_1930__NL_NT-TK_1982__cab;NL_deRuiter_Job_1930;NL_NT-TK_1982
NL_Scheltema_Michiel_1939__NL_NT-TK_1982__cab;NL_Scheltema_Michiel_1939;NL_NT-TK_1982
NL_Rood_Max_1927__NL_NT-TK_1982__cab;NL_Rood_Max_1927;NL_NT-TK_1982
NL_vanLeijenhorst_Gerard_1928__NL_NT-TK_1982__cab;NL_vanLeijenhorst_Gerard_1928;NL_NT-TK_1982
NL_Deetman_Wim_1945__NL_NT-TK_1982__cab;NL_Deetman_Wim_1945;NL_NT-TK_1982
NL_Hermes_Ad_1929__NL_NT-TK_1982__cab;NL_Hermes_Ad_1929;NL_NT-TK_1982
NL_vanderStee_Fons_1928__NL_NT-TK_1982__cab;NL_vanderStee_Fons_1928;NL_NT-TK_1982
NL_vanMierlo_Hans_1931__NL_NT-TK_1982__cab;NL_vanMierlo_Hans_1931;NL_NT-TK_1982
NL_vanHouwelingen_Jan_1939__NL_NT-TK_1982__cab;NL_vanHouwelingen_Jan_1939;NL_NT-TK_1982
NL_Nypels_Erwin_1933__NL_NT-TK_1982__cab;NL_Nypels_Erwin_1933;NL_NT-TK_1982
NL_Zeevalking_Henk_1922__NL_NT-TK_1982__cab;NL_Zeevalking_Henk_1922;NL_NT-TK_1982
NL_Dik_Wim_1939__NL_NT-TK_1982__cab;NL_Dik_Wim_1939;NL_NT-TK_1982
NL_vanZeil_Piet_1927__NL_NT-TK_1982__cab;NL_vanZeil_Piet_1927;NL_NT-TK_1982
NL_deKoning_Jan_1926__NL_NT-TK_1982__cab;NL_deKoning_Jan_1926;NL_NT-TK_1982
NL_deGraaf_Louw_1930__NL_NT-TK_1982__cab;NL_deGraaf_Louw_1930;NL_NT-TK_1982
NL_deBoer_Hans_1937__NL_NT-TK_1982__cab;NL_deBoer_Hans_1937;NL_NT-TK_1982
NL_Gardeniers_Til_1925__NL_NT-TK_1982__cab;NL_Gardeniers_Til_1925;NL_NT-TK_1982
NL_Lambers_Ineke_1946__NL_NT-TK_1982__cab;NL_Lambers_Ineke_1946;NL_NT-TK_1982
NL_Lubbers_Ruud_1939__NL_NT-TK_1982__cab;NL_Lubbers_Ruud_1939;NL_NT-TK_1982
NL_vanAardenne_Gijs_1930__NL_NT-TK_1982__cab;NL_vanAardenne_Gijs_1930;NL_NT-TK_1982
NL_vanEekelen_Wim_1931__NL_NT-TK_1982__cab;NL_vanEekelen_Wim_1931;NL_NT-TK_1982
NL_Schoo_Eegje_1944__NL_NT-TK_1982__cab;NL_Schoo_Eegje_1944;NL_NT-TK_1982
NL_Korthals_Frits_1931__NL_NT-TK_1982__cab;NL_Korthals_Frits_1931;NL_NT-TK_1982
NL_Korte_Virginie_1929__NL_NT-TK_1982__cab;NL_Korte_Virginie_1929;NL_NT-TK_1982
NL_Rietkerk_Koos_1927__NL_NT-TK_1982__cab;NL_Rietkerk_Koos_1927;NL_NT-TK_1982
NL_deKorte_Rudolf_1936__NL_NT-TK_1982__cab;NL_deKorte_Rudolf_1936;NL_NT-TK_1982
NL_vanAmelsvoort_Marius_1930__NL_NT-TK_1982__cab;NL_vanAmelsvoort_Marius_1930;NL_NT-TK_1982
NL_Ginjaar_Nell_1931__NL_NT-TK_1982__cab;NL_Ginjaar_Nell_1931;NL_NT-TK_1982
NL_Ruding_Onno_1939__NL_NT-TK_1982__cab;NL_Ruding_Onno_1939;NL_NT-TK_1982
NL_Koning_Henk_1933__NL_NT-TK_1982__cab;NL_Koning_Henk_1933;NL_NT-TK_1982
NL_Schwietert_Charl_1943__NL_NT-TK_1982__cab;NL_Schwietert_Charl_1943;NL_NT-TK_1982
NL_Hoekzema_Willem_1939__NL_NT-TK_1982__cab;NL_Hoekzema_Willem_1939;NL_NT-TK_1982
NL_Winsemius_Pieter_1942__NL_NT-TK_1982__cab;NL_Winsemius_Pieter_1942;NL_NT-TK_1982
NL_Brokx_Gerrit_1933__NL_NT-TK_1982__cab;NL_Brokx_Gerrit_1933;NL_NT-TK_1982
NL_Kroes_Neelie_1941__NL_NT-TK_1982__cab;NL_Kroes_Neelie_1941;NL_NT-TK_1982
NL_Scherpenhuizen_Jaap_1934__NL_NT-TK_1982__cab;NL_Scherpenhuizen_Jaap_1934;NL_NT-TK_1982
NL_Bolkestein_Frits_1933__NL_NT-TK_1982__cab;NL_Bolkestein_Frits_1933;NL_NT-TK_1982
NL_Braks_Gerrit_1933__NL_NT-TK_1982__cab;NL_Braks_Gerrit_1933;NL_NT-TK_1982
NL_Ploeg_Ad_1927__NL_NT-TK_1982__cab;NL_Ploeg_Ad_1927;NL_NT-TK_1982
NL_Kappeyne_Annelien_1936__NL_NT-TK_1982__cab;NL_Kappeyne_Annelien_1936;NL_NT-TK_1982
NL_Brinkman_Elco_1948__NL_NT-TK_1982__cab;NL_Brinkman_Elco_1948;NL_NT-TK_1982
NL_vanderReijden_Joop_1927__NL_NT-TK_1982__cab;NL_vanderReijden_Joop_1927;NL_NT-TK_1982
NL_Lubbers_Ruud_1939__NL_NT-TK_1986__cab;NL_Lubbers_Ruud_1939;NL_NT-TK_1986
NL_deKorte_Rudolf_1936__NL_NT-TK_1986__cab;NL_deKorte_Rudolf_1936;NL_NT-TK_1986
NL_vandenBroek_Hans_1936__NL_NT-TK_1986__cab;NL_vandenBroek_Hans_1936;NL_NT-TK_1986
NL_vanderLinden_Rene_1943__NL_NT-TK_1986__cab;NL_vanderLinden_Rene_1943;NL_NT-TK_1986
NL_vanVoorsttotVoorst_Berend_1944__NL_NT-TK_1986__cab;NL_vanVoorsttotVoorst_Berend_1944;NL_NT-TK_1986
NL_Bukman_Piet_1934__NL_NT-TK_1986__cab;NL_Bukman_Piet_1934;NL_NT-TK_1986
NL_Korthals_Frits_1931__NL_NT-TK_1986__cab;NL_Korthals_Frits_1931;NL_NT-TK_1986
NL_Korte_Virginie_1929__NL_NT-TK_1986__cab;NL_Korte_Virginie_1929;NL_NT-TK_1986
NL_vanDijk_Kees_1931__NL_NT-TK_1986__cab;NL_vanDijk_Kees_1931;NL_NT-TK_1986
NL_deKoning_Jan_1926__NL_NT-TK_1986__cab;NL_deKoning_Jan_1926;NL_NT-TK_1986
NL_deGraaff_Dieuwke_1930__NL_NT-TK_1986__cab;NL_deGraaff_Dieuwke_1930;NL_NT-TK_1986
NL_Deetman_Wim_1945__NL_NT-TK_1986__cab;NL_Deetman_Wim_1945;NL_NT-TK_1986
NL_Braks_Gerrit_1933__NL_NT-TK_1986__cab;NL_Braks_Gerrit_1933;NL_NT-TK_1986
NL_Ginjaar_Nell_1931__NL_NT-TK_1986__cab;NL_Ginjaar_Nell_1931;NL_NT-TK_1986
NL_Ruding_Onno_1939__NL_NT-TK_1986__cab;NL_Ruding_Onno_1939;NL_NT-TK_1986
NL_Koning_Henk_1933__NL_NT-TK_1986__cab;NL_Koning_Henk_1933;NL_NT-TK_1986
NL_vanEekelen_Wim_1931__NL_NT-TK_1986__cab;NL_vanEekelen_Wim_1931;NL_NT-TK_1986
NL_Bolkestein_Frits_1933__NL_NT-TK_1986__cab;NL_Bolkestein_Frits_1933;NL_NT-TK_1986
NL_vanHouwelingen_Jan_1939__NL_NT-TK_1986__cab;NL_vanHouwelingen_Jan_1939;NL_NT-TK_1986
NL_Nijpels_Ed_1950__NL_NT-TK_1986__cab;NL_Nijpels_Ed_1950;NL_NT-TK_1986
NL_Brokx_Gerrit_1933__NL_NT-TK_1986__cab;NL_Brokx_Gerrit_1933;NL_NT-TK_1986
NL_Heerma_Enneues_1944__NL_NT-TK_1986__cab;NL_Heerma_Enneues_1944;NL_NT-TK_1986
NL_Kroes_Neelie_1941__NL_NT-TK_1986__cab;NL_Kroes_Neelie_1941;NL_NT-TK_1986
NL_Evenhuis_Albert_1941__NL_NT-TK_1986__cab;NL_Evenhuis_Albert_1941;NL_NT-TK_1986
NL_vanRooy_Yvonne_1951__NL_NT-TK_1986__cab;NL_vanRooy_Yvonne_1951;NL_NT-TK_1986
NL_deGraaf_Louw_1930__NL_NT-TK_1986__cab;NL_deGraaf_Louw_1930;NL_NT-TK_1986
NL_Brinkman_Elco_1948__NL_NT-TK_1986__cab;NL_Brinkman_Elco_1948;NL_NT-TK_1986
NL_Dees_Dick_1944__NL_NT-TK_1986__cab;NL_Dees_Dick_1944;NL_NT-TK_1986
NL_Lubbers_Ruud_1939__NL_NT-TK_1989__cab;NL_Lubbers_Ruud_1939;NL_NT-TK_1989
NL_Kok_Wim_1938__NL_NT-TK_1989__cab;NL_Kok_Wim_1938;NL_NT-TK_1989
NL_vandenBroek_Hans_1936__NL_NT-TK_1989__cab;NL_vandenBroek_Hans_1936;NL_NT-TK_1989
NL_Kooijmans_Peter_1933__NL_NT-TK_1989__cab;NL_Kooijmans_Peter_1933;NL_NT-TK_1989
NL_Dankert_Piet_1934__NL_NT-TK_1989__cab;NL_Dankert_Piet_1934;NL_NT-TK_1989
NL_Pronk_Jan_1940__NL_NT-TK_1989__cab;NL_Pronk_Jan_1940;NL_NT-TK_1989
NL_Hirsch_Ernst_1950__NL_NT-TK_1989__cab;NL_Hirsch_Ernst_1950;NL_NT-TK_1989
NL_Kosto_Aad_1938__NL_NT-TK_1989__cab;NL_Kosto_Aad_1938;NL_NT-TK_1989
NL_Dales_Ien_1931__NL_NT-TK_1989__cab;NL_Dales_Ien_1931;NL_NT-TK_1989
NL_vanThijn_Ed_1934__NL_NT-TK_1989__cab;NL_vanThijn_Ed_1934;NL_NT-TK_1989
NL_deGraaff_Dieuwke_1930__NL_NT-TK_1989__cab;NL_deGraaff_Dieuwke_1930;NL_NT-TK_1989
NL_Ritzen_Jo_1945__NL_NT-TK_1989__cab;NL_Ritzen_Jo_1945;NL_NT-TK_1989
NL_Wallage_Jacques_1946__NL_NT-TK_1989__cab;NL_Wallage_Jacques_1946;NL_NT-TK_1989
NL_intVeld_Roel_1942__NL_NT-TK_1989__cab;NL_intVeld_Roel_1942;NL_NT-TK_1989
NL_Cohen_Job_1947__NL_NT-TK_1989__cab;NL_Cohen_Job_1947;NL_NT-TK_1989
NL_vanAmelsvoort_Marius_1930__NL_NT-TK_1989__cab;NL_vanAmelsvoort_Marius_1930;NL_NT-TK_1989
NL_terBeek_Relus_1944__NL_NT-TK_1989__cab;NL_terBeek_Relus_1944;NL_NT-TK_1989
NL_vanVoorsttotVoorst_Berend_1944__NL_NT-TK_1989__cab;NL_vanVoorsttotVoorst_Berend_1944;NL_NT-TK_1989
NL_Frinking_Ton_1931__NL_NT-TK_1989__cab;NL_Frinking_Ton_1931;NL_NT-TK_1989
NL_Alders_Hans_1952__NL_NT-TK_1989__cab;NL_Alders_Hans_1952;NL_NT-TK_1989
NL_Heerma_Enneues_1944__NL_NT-TK_1989__cab;NL_Heerma_Enneues_1944;NL_NT-TK_1989
NL_Maij_Hanja_1943__NL_NT-TK_1989__cab;NL_Maij_Hanja_1943;NL_NT-TK_1989
NL_Andriessen_Koos_1928__NL_NT-TK_1989__cab;NL_Andriessen_Koos_1928;NL_NT-TK_1989
NL_Bukman_Piet_1934__NL_NT-TK_1989__cab;NL_Bukman_Piet_1934;NL_NT-TK_1989
NL_vanRooy_Yvonne_1951__NL_NT-TK_1989__cab;NL_vanRooy_Yvonne_1951;NL_NT-TK_1989
NL_Braks_Gerrit_1933__NL_NT-TK_1989__cab;NL_Braks_Gerrit_1933;NL_NT-TK_1989
NL_deVries_Bert_1938__NL_NT-TK_1989__cab;NL_deVries_Bert_1938;NL_NT-TK_1989
NL_Gabor_Dzsingisz_1940__NL_NT-TK_1989__cab;NL_Gabor_Dzsingisz_1940;NL_NT-TK_1989
NL_terVeld_Elske_1944__NL_NT-TK_1989__cab;NL_terVeld_Elske_1944;NL_NT-TK_1989
NL_dAncona_Hedy_1937__NL_NT-TK_1989__cab;NL_dAncona_Hedy_1937;NL_NT-TK_1989
NL_Simons_Hans_1947__NL_NT-TK_1989__cab;NL_Simons_Hans_1947;NL_NT-TK_1989
NL_Kok_Wim_1938__NL_NT-TK_1994__cab;NL_Kok_Wim_1938;NL_NT-TK_1994
NL_Dijkstal_Hans_1943__NL_NT-TK_1994__cab;NL_Dijkstal_Hans_1943;NL_NT-TK_1994
NL_vanMierlo_Hans_1931__NL_NT-TK_1994__cab;NL_vanMierlo_Hans_1931;NL_NT-TK_1994
NL_Patijn_Michiel_1942__NL_NT-TK_1994__cab;NL_Patijn_Michiel_1942;NL_NT-TK_1994
NL_Pronk_Jan_1940__NL_NT-TK_1994__cab;NL_Pronk_Jan_1940;NL_NT-TK_1994
NL_Sorgdrager_Winnie_1948__NL_NT-TK_1994__cab;NL_Sorgdrager_Winnie_1948;NL_NT-TK_1994
NL_Schmitz_Elizabeth_1938__NL_NT-TK_1994__cab;NL_Schmitz_Elizabeth_1938;NL_NT-TK_1994
NL_vandeVondervoort_Tonny_1950__NL_NT-TK_1994__cab;NL_vandeVondervoort_Tonny_1950;NL_NT-TK_1994
NL_Kohnstamm_Jacob_1949__NL_NT-TK_1994__cab;NL_Kohnstamm_Jacob_1949;NL_NT-TK_1994
NL_Ritzen_Jo_1945__NL_NT-TK_1994__cab;NL_Ritzen_Jo_1945;NL_NT-TK_1994
NL_Nuis_Aad_1933__NL_NT-TK_1994__cab;NL_Nuis_Aad_1933;NL_NT-TK_1994
NL_Netelenbos_Tineke_1944__NL_NT-TK_1994__cab;NL_Netelenbos_Tineke_1944;NL_NT-TK_1994
NL_Zalm_Gerrit_1952__NL_NT-TK_1994__cab;NL_Zalm_Gerrit_1952;NL_NT-TK_1994
NL_Vermeend_Willem_1948__NL_NT-TK_1994__cab;NL_Vermeend_Willem_1948;NL_NT-TK_1994
NL_Voorhoeve_Joris_1945__NL_NT-TK_1994__cab;NL_Voorhoeve_Joris_1945;NL_NT-TK_1994
NL_Gmelich_Jan_1936__NL_NT-TK_1994__cab;NL_Gmelich_Jan_1936;NL_NT-TK_1994
NL_deBoer_Margreeth_1939__NL_NT-TK_1994__cab;NL_deBoer_Margreeth_1939;NL_NT-TK_1994
NL_Tommel_Dick_1942__NL_NT-TK_1994__cab;NL_Tommel_Dick_1942;NL_NT-TK_1994
NL_Jorritsma_Annemarie_1950__NL_NT-TK_1994__cab;NL_Jorritsma_Annemarie_1950;NL_NT-TK_1994
NL_Wijers_Hans_1951__NL_NT-TK_1994__cab;NL_Wijers_Hans_1951;NL_NT-TK_1994
NL_vanDok_Anneke_1947__NL_NT-TK_1994__cab;NL_vanDok_Anneke_1947;NL_NT-TK_1994
NL_vanAartsen_Jozias_1947__NL_NT-TK_1994__cab;NL_vanAartsen_Jozias_1947;NL_NT-TK_1994
NL_Melkert_Ad_1956__NL_NT-TK_1994__cab;NL_Melkert_Ad_1956;NL_NT-TK_1994
NL_Linschoten_Robin_1956__NL_NT-TK_1994__cab;NL_Linschoten_Robin_1956;NL_NT-TK_1994
NL_deGrave_Frank_1955__NL_NT-TK_1994__cab;NL_deGrave_Frank_1955;NL_NT-TK_1994
NL_Borst_Els_1932__NL_NT-TK_1994__cab;NL_Borst_Els_1932;NL_NT-TK_1994
NL_Terpstra_Erica_1943__NL_NT-TK_1994__cab;NL_Terpstra_Erica_1943;NL_NT-TK_1994
NL_Kok_Wim_1938__NL_NT-TK_1998__cab;NL_Kok_Wim_1938;NL_NT-TK_1998
NL_Borst_Els_1932__NL_NT-TK_1998__cab;NL_Borst_Els_1932;NL_NT-TK_1998
NL_Jorritsma_Annemarie_1950__NL_NT-TK_1998__cab;NL_Jorritsma_Annemarie_1950;NL_NT-TK_1998
NL_vanAartsen_Jozias_1947__NL_NT-TK_1998__cab;NL_vanAartsen_Jozias_1947;NL_NT-TK_1998
NL_Benschop_Dick_1957__NL_NT-TK_1998__cab;NL_Benschop_Dick_1957;NL_NT-TK_1998
NL_Herfkens_Eveline_1952__NL_NT-TK_1998__cab;NL_Herfkens_Eveline_1952;NL_NT-TK_1998
NL_Korthals_Benk_1944__NL_NT-TK_1998__cab;NL_Korthals_Benk_1944;NL_NT-TK_1998
NL_Cohen_Job_1947__NL_NT-TK_1998__cab;NL_Cohen_Job_1947;NL_NT-TK_1998
NL_Kalsbeek_Ella_1955__NL_NT-TK_1998__cab;NL_Kalsbeek_Ella_1955;NL_NT-TK_1998
NL_Peper_Bram_1940__NL_NT-TK_1998__cab;NL_Peper_Bram_1940;NL_NT-TK_1998
NL_vanBoxtel_Roger_1954__NL_NT-TK_1998__cab;NL_vanBoxtel_Roger_1954;NL_NT-TK_1998
NL_deVries_Klaas_1943__NL_NT-TK_1998__cab;NL_deVries_Klaas_1943;NL_NT-TK_1998
NL_deVries_Gijs_1956__NL_NT-TK_1998__cab;NL_deVries_Gijs_1956;NL_NT-TK_1998
NL_Hermans_Loek_1951__NL_NT-TK_1998__cab;NL_Hermans_Loek_1951;NL_NT-TK_1998
NL_Adelmund_Karin_1949__NL_NT-TK_1998__cab;NL_Adelmund_Karin_1949;NL_NT-TK_1998
NL_vanderPloeg_Rick_1956__NL_NT-TK_1998__cab;NL_vanderPloeg_Rick_1956;NL_NT-TK_1998
NL_Zalm_Gerrit_1952__NL_NT-TK_1998__cab;NL_Zalm_Gerrit_1952;NL_NT-TK_1998
NL_Vermeend_Willem_1948__NL_NT-TK_1998__cab;NL_Vermeend_Willem_1948;NL_NT-TK_1998
NL_Bos_Wouter_1963__NL_NT-TK_1998__cab;NL_Bos_Wouter_1963;NL_NT-TK_1998
NL_deGrave_Frank_1955__NL_NT-TK_1998__cab;NL_deGrave_Frank_1955;NL_NT-TK_1998
NL_vanHoof_Henk_1947__NL_NT-TK_1998__cab;NL_vanHoof_Henk_1947;NL_NT-TK_1998
NL_Pronk_Jan_1940__NL_NT-TK_1998__cab;NL_Pronk_Jan_1940;NL_NT-TK_1998
NL_Remkes_Johan_1951__NL_NT-TK_1998__cab;NL_Remkes_Johan_1951;NL_NT-TK_1998
NL_Netelenbos_Tineke_1944__NL_NT-TK_1998__cab;NL_Netelenbos_Tineke_1944;NL_NT-TK_1998
NL_deVries_Monique_1947__NL_NT-TK_1998__cab;NL_deVries_Monique_1947;NL_NT-TK_1998
NL_Ybema_Gerrit_1945__NL_NT-TK_1998__cab;NL_Ybema_Gerrit_1945;NL_NT-TK_1998
NL_Apotheker_Hayo_1950__NL_NT-TK_1998__cab;NL_Apotheker_Hayo_1950;NL_NT-TK_1998
NL_Brinkhorst_Laurens_1937__NL_NT-TK_1998__cab;NL_Brinkhorst_Laurens_1937;NL_NT-TK_1998
NL_Faber_Geke_1952__NL_NT-TK_1998__cab;NL_Faber_Geke_1952;NL_NT-TK_1998
NL_Verstand_Annelies_1949__NL_NT-TK_1998__cab;NL_Verstand_Annelies_1949;NL_NT-TK_1998
NL_Hoogervorst_Hans_1956__NL_NT-TK_1998__cab;NL_Hoogervorst_Hans_1956;NL_NT-TK_1998
NL_Vliegenthart_Margo_1958__NL_NT-TK_1998__cab;NL_Vliegenthart_Margo_1958;NL_NT-TK_1998
NL_Balkenende_Jan_1956__NL_NT-TK_2002__cab;NL_Balkenende_Jan_1956;NL_NT-TK_2002
NL_Remkes_Johan_1951__NL_NT-TK_2002__cab;NL_Remkes_Johan_1951;NL_NT-TK_2002
NL_Bomhoff_Eduard_1944__NL_NT-TK_2002__cab;NL_Bomhoff_Eduard_1944;NL_NT-TK_2002
NL_deBoer_Roelf_1949__NL_NT-TK_2002__cab;NL_deBoer_Roelf_1949;NL_NT-TK_2002
NL_deHoop_Jaap_1948__NL_NT-TK_2002__cab;NL_deHoop_Jaap_1948;NL_NT-TK_2002
NL_Nicolai_Atzo_1960__NL_NT-TK_2002__cab;NL_Nicolai_Atzo_1960;NL_NT-TK_2002
NL_vanArdenne_Agnes_1950__NL_NT-TK_2002__cab;NL_vanArdenne_Agnes_1950;NL_NT-TK_2002
NL_Donner_Piet_1948__NL_NT-TK_2002__cab;NL_Donner_Piet_1948;NL_NT-TK_2002
NL_Nawijn_Hilbrand_1948__NL_NT-TK_2002__cab;NL_Nawijn_Hilbrand_1948;NL_NT-TK_2002
NL_Hessing_Rob_1942__NL_NT-TK_2002__cab;NL_Hessing_Rob_1942;NL_NT-TK_2002
NL_vanderHoeven_Maria_1949__NL_NT-TK_2002__cab;NL_vanderHoeven_Maria_1949;NL_NT-TK_2002
NL_vanLeeuwen_Cees_1951__NL_NT-TK_2002__cab;NL_vanLeeuwen_Cees_1951;NL_NT-TK_2002
NL_Nijs_Annette_1961__NL_NT-TK_2002__cab;NL_Nijs_Annette_1961;NL_NT-TK_2002
NL_Hoogervorst_Hans_1956__NL_NT-TK_2002__cab;NL_Hoogervorst_Hans_1956;NL_NT-TK_2002
NL_vanEijck_Steven_1959__NL_NT-TK_2002__cab;NL_vanEijck_Steven_1959;NL_NT-TK_2002
NL_Korthals_Benk_1944__NL_NT-TK_2002__cab;NL_Korthals_Benk_1944;NL_NT-TK_2002
NL_Kamp_Henk_1952__NL_NT-TK_2002__cab;NL_Kamp_Henk_1952;NL_NT-TK_2002
NL_vanderKnaap_Cees_1951__NL_NT-TK_2002__cab;NL_vanderKnaap_Cees_1951;NL_NT-TK_2002
NL_vanGeel_Pieter_1951__NL_NT-TK_2002__cab;NL_vanGeel_Pieter_1951;NL_NT-TK_2002
NL_Schultz_Melanie_1970__NL_NT-TK_2002__cab;NL_Schultz_Melanie_1970;NL_NT-TK_2002
NL_Heinsbroek_Herman_1951__NL_NT-TK_2002__cab;NL_Heinsbroek_Herman_1951;NL_NT-TK_2002
NL_Wijn_Joop_1969__NL_NT-TK_2002__cab;NL_Wijn_Joop_1969;NL_NT-TK_2002
NL_Veerman_Cees_1949__NL_NT-TK_2002__cab;NL_Veerman_Cees_1949;NL_NT-TK_2002
NL_Odink_Jan_1944__NL_NT-TK_2002__cab;NL_Odink_Jan_1944;NL_NT-TK_2002
NL_deGeus_Aart_1955__NL_NT-TK_2002__cab;NL_deGeus_Aart_1955;NL_NT-TK_2002
NL_Bijlhout_Philomena_1957__NL_NT-TK_2002__cab;NL_Bijlhout_Philomena_1957;NL_NT-TK_2002
NL_Rutte_Mark_1967__NL_NT-TK_2002__cab;NL_Rutte_Mark_1967;NL_NT-TK_2002
NL_Phoa_Khee_1955__NL_NT-TK_2002__cab;NL_Phoa_Khee_1955;NL_NT-TK_2002
NL_Ross_Clemence_1957__NL_NT-TK_2002__cab;NL_Ross_Clemence_1957;NL_NT-TK_2002
NL_Balkenende_Jan_1956__NL_NT-TK_2003__cab;NL_Balkenende_Jan_1956;NL_NT-TK_2003
NL_Zalm_Gerrit_1952__NL_NT-TK_2003__cab;NL_Zalm_Gerrit_1952;NL_NT-TK_2003
NL_deGraaf_Thom_1957__NL_NT-TK_2003__cab;NL_deGraaf_Thom_1957;NL_NT-TK_2003
NL_Brinkhorst_Laurens_1937__NL_NT-TK_2003__cab;NL_Brinkhorst_Laurens_1937;NL_NT-TK_2003
NL_deHoop_Jaap_1948__NL_NT-TK_2003__cab;NL_deHoop_Jaap_1948;NL_NT-TK_2003
NL_Bot_Bernhard_1937__NL_NT-TK_2003__cab;NL_Bot_Bernhard_1937;NL_NT-TK_2003
NL_Nicolai_Atzo_1960__NL_NT-TK_2003__cab;NL_Nicolai_Atzo_1960;NL_NT-TK_2003
NL_vanArdenne_Agnes_1950__NL_NT-TK_2003__cab;NL_vanArdenne_Agnes_1950;NL_NT-TK_2003
NL_Donner_Piet_1948__NL_NT-TK_2003__cab;NL_Donner_Piet_1948;NL_NT-TK_2003
NL_Verdonk_Rita_1955__NL_NT-TK_2003__cab;NL_Verdonk_Rita_1955;NL_NT-TK_2003
NL_Remkes_Johan_1951__NL_NT-TK_2003__cab;NL_Remkes_Johan_1951;NL_NT-TK_2003
NL_Pechtold_Alexander_1965__NL_NT-TK_2003__cab;NL_Pechtold_Alexander_1965;NL_NT-TK_2003
NL_vanderHoeven_Maria_1949__NL_NT-TK_2003__cab;NL_vanderHoeven_Maria_1949;NL_NT-TK_2003
NL_vanderLaan_Medy_1968__NL_NT-TK_2003__cab;NL_vanderLaan_Medy_1968;NL_NT-TK_2003
NL_Nijs_Annette_1961__NL_NT-TK_2003__cab;NL_Nijs_Annette_1961;NL_NT-TK_2003
NL_Rutte_Mark_1967__NL_NT-TK_2003__cab;NL_Rutte_Mark_1967;NL_NT-TK_2003
NL_Wijn_Joop_1969__NL_NT-TK_2003__cab;NL_Wijn_Joop_1969;NL_NT-TK_2003
NL_Kamp_Henk_1952__NL_NT-TK_2003__cab;NL_Kamp_Henk_1952;NL_NT-TK_2003
NL_vanderKnaap_Cees_1951__NL_NT-TK_2003__cab;NL_vanderKnaap_Cees_1951;NL_NT-TK_2003
NL_Dekker_Sybilla_1942__NL_NT-TK_2003__cab;NL_Dekker_Sybilla_1942;NL_NT-TK_2003
NL_vanGeel_Pieter_1951__NL_NT-TK_2003__cab;NL_vanGeel_Pieter_1951;NL_NT-TK_2003
NL_Peijs_Karla_1944__NL_NT-TK_2003__cab;NL_Peijs_Karla_1944;NL_NT-TK_2003
NL_Schultz_Melanie_1970__NL_NT-TK_2003__cab;NL_Schultz_Melanie_1970;NL_NT-TK_2003
NL_vanGennip_Karien_1968__NL_NT-TK_2003__cab;NL_vanGennip_Karien_1968;NL_NT-TK_2003
NL_Veerman_Cees_1949__NL_NT-TK_2003__cab;NL_Veerman_Cees_1949;NL_NT-TK_2003
NL_deGeus_Aart_1955__NL_NT-TK_2003__cab;NL_deGeus_Aart_1955;NL_NT-TK_2003
NL_vanHoof_Henk_1947__NL_NT-TK_2003__cab;NL_vanHoof_Henk_1947;NL_NT-TK_2003
NL_Hoogervorst_Hans_1956__NL_NT-TK_2003__cab;NL_Hoogervorst_Hans_1956;NL_NT-TK_2003
NL_Ross_Clemence_1957__NL_NT-TK_2003__cab;NL_Ross_Clemence_1957;NL_NT-TK_2003
NL_Balkenende_Jan_1956__NL_NT-TK_2006__cab;NL_Balkenende_Jan_1956;NL_NT-TK_2006
NL_Zalm_Gerrit_1952__NL_NT-TK_2006__cab;NL_Zalm_Gerrit_1952;NL_NT-TK_2006
NL_Bot_Bernhard_1937__NL_NT-TK_2006__cab;NL_Bot_Bernhard_1937;NL_NT-TK_2006
NL_vanArdenne_Agnes_1950__NL_NT-TK_2006__cab;NL_vanArdenne_Agnes_1950;NL_NT-TK_2006
NL_Donner_Piet_1948__NL_NT-TK_2006__cab;NL_Donner_Piet_1948;NL_NT-TK_2006
NL_Verdonk_Rita_1955__NL_NT-TK_2006__cab;NL_Verdonk_Rita_1955;NL_NT-TK_2006
NL_Hirsch_Ernst_1950__NL_NT-TK_2006__cab;NL_Hirsch_Ernst_1950;NL_NT-TK_2006
NL_Remkes_Johan_1951__NL_NT-TK_2006__cab;NL_Remkes_Johan_1951;NL_NT-TK_2006
NL_Nicolai_Atzo_1960__NL_NT-TK_2006__cab;NL_Nicolai_Atzo_1960;NL_NT-TK_2006
NL_vanderHoeven_Maria_1949__NL_NT-TK_2006__cab;NL_vanderHoeven_Maria_1949;NL_NT-TK_2006
NL_Bruins_Bruno_1963__NL_NT-TK_2006__cab;NL_Bruins_Bruno_1963;NL_NT-TK_2006
NL_Kamp_Henk_1952__NL_NT-TK_2006__cab;NL_Kamp_Henk_1952;NL_NT-TK_2006
NL_vanderKnaap_Cees_1951__NL_NT-TK_2006__cab;NL_vanderKnaap_Cees_1951;NL_NT-TK_2006
NL_Dekker_Sybilla_1942__NL_NT-TK_2006__cab;NL_Dekker_Sybilla_1942;NL_NT-TK_2006
NL_Peijs_Karla_1944__NL_NT-TK_2006__cab;NL_Peijs_Karla_1944;NL_NT-TK_2006
NL_Winsemius_Pieter_1942__NL_NT-TK_2006__cab;NL_Winsemius_Pieter_1942;NL_NT-TK_2006
NL_vanGeel_Pieter_1951__NL_NT-TK_2006__cab;NL_vanGeel_Pieter_1951;NL_NT-TK_2006
NL_Schultz_Melanie_1970__NL_NT-TK_2006__cab;NL_Schultz_Melanie_1970;NL_NT-TK_2006
NL_Wijn_Joop_1969__NL_NT-TK_2006__cab;NL_Wijn_Joop_1969;NL_NT-TK_2006
NL_vanGennip_Karien_1968__NL_NT-TK_2006__cab;NL_vanGennip_Karien_1968;NL_NT-TK_2006
NL_Veerman_Cees_1949__NL_NT-TK_2006__cab;NL_Veerman_Cees_1949;NL_NT-TK_2006
NL_deGeus_Aart_1955__NL_NT-TK_2006__cab;NL_deGeus_Aart_1955;NL_NT-TK_2006
NL_vanHoof_Henk_1947__NL_NT-TK_2006__cab;NL_vanHoof_Henk_1947;NL_NT-TK_2006
NL_Hoogervorst_Hans_1956__NL_NT-TK_2006__cab;NL_Hoogervorst_Hans_1956;NL_NT-TK_2006
NL_Ross_Clemence_1957__NL_NT-TK_2006__cab;NL_Ross_Clemence_1957;NL_NT-TK_2006
NL_Bos_Wouter_1963__NL_NT-TK_2006__cab;NL_Bos_Wouter_1963;NL_NT-TK_2006
NL_Rouvoet_Andre_1962__NL_NT-TK_2006__cab;NL_Rouvoet_Andre_1962;NL_NT-TK_2006
NL_Verhagen_Maxime_1956__NL_NT-TK_2006__cab;NL_Verhagen_Maxime_1956;NL_NT-TK_2006
NL_Timmermans_Frans_1961__NL_NT-TK_2006__cab;NL_Timmermans_Frans_1961;NL_NT-TK_2006
NL_Koenders_Bert_1958__NL_NT-TK_2006__cab;NL_Koenders_Bert_1958;NL_NT-TK_2006
NL_Albayrak_Nebahat_1968__NL_NT-TK_2006__cab;NL_Albayrak_Nebahat_1968;NL_NT-TK_2006
NL_ter_Guusje_1952__NL_NT-TK_2006__cab;NL_ter_Guusje_1952;NL_NT-TK_2006
NL_Bijleveld_Ank_1962__NL_NT-TK_2006__cab;NL_Bijleveld_Ank_1962;NL_NT-TK_2006
NL_Plasterk_Ronald_1957__NL_NT-TK_2006__cab;NL_Plasterk_Ronald_1957;NL_NT-TK_2006
NL_vanBijsterveldt_Marja_1961__NL_NT-TK_2006__cab;NL_vanBijsterveldt_Marja_1961;NL_NT-TK_2006
NL_Dijksma_Sharon_1971__NL_NT-TK_2006__cab;NL_Dijksma_Sharon_1971;NL_NT-TK_2006
NL_deJager_Jan_1969__NL_NT-TK_2006__cab;NL_deJager_Jan_1969;NL_NT-TK_2006
NL_vanMiddelkoop_Eimert_1949__NL_NT-TK_2006__cab;NL_vanMiddelkoop_Eimert_1949;NL_NT-TK_2006
NL_deVries_Jack_1968__NL_NT-TK_2006__cab;NL_deVries_Jack_1968;NL_NT-TK_2006
NL_Cramer_Jacqueline_1951__NL_NT-TK_2006__cab;NL_Cramer_Jacqueline_1951;NL_NT-TK_2006
NL_Vogelaar_Ella_1949__NL_NT-TK_2006__cab;NL_Vogelaar_Ella_1949;NL_NT-TK_2006
NL_vanderLaan_Eberhard_1955__NL_NT-TK_2006__cab;NL_vanderLaan_Eberhard_1955;NL_NT-TK_2006
NL_Eurlings_Camiel_1973__NL_NT-TK_2006__cab;NL_Eurlings_Camiel_1973;NL_NT-TK_2006
NL_Huizinga_Tineke_1960__NL_NT-TK_2006__cab;NL_Huizinga_Tineke_1960;NL_NT-TK_2006
NL_Heemskerk_Frank_1969__NL_NT-TK_2006__cab;NL_Heemskerk_Frank_1969;NL_NT-TK_2006
NL_Verburg_Gerda_1957__NL_NT-TK_2006__cab;NL_Verburg_Gerda_1957;NL_NT-TK_2006
NL_Aboutaleb_Ahmed_1961__NL_NT-TK_2006__cab;NL_Aboutaleb_Ahmed_1961;NL_NT-TK_2006
NL_Klijnsma_Jetta_1957__NL_NT-TK_2006__cab;NL_Klijnsma_Jetta_1957;NL_NT-TK_2006
NL_Klink_Ab_1958__NL_NT-TK_2006__cab;NL_Klink_Ab_1958;NL_NT-TK_2006
NL_Bussemaker_Jet_1961__NL_NT-TK_2006__cab;NL_Bussemaker_Jet_1961;NL_NT-TK_2006
NL_Rutte_Mark_1967__NL_NT-TK_2010__cab;NL_Rutte_Mark_1967;NL_NT-TK_2010
NL_Verhagen_Maxime_1956__NL_NT-TK_2010__cab;NL_Verhagen_Maxime_1956;NL_NT-TK_2010
NL_Rosenthal_Uri_1945__NL_NT-TK_2010__cab;NL_Rosenthal_Uri_1945;NL_NT-TK_2010
NL_Knapen_Ben_1951__NL_NT-TK_2010__cab;NL_Knapen_Ben_1951;NL_NT-TK_2010
NL_Opstelten_Ivo_1944__NL_NT-TK_2010__cab;NL_Opstelten_Ivo_1944;NL_NT-TK_2010
NL_Teeven_Fred_1958__NL_NT-TK_2010__cab;NL_Teeven_Fred_1958;NL_NT-TK_2010
NL_Donner_Piet_1948__NL_NT-TK_2010__cab;NL_Donner_Piet_1948;NL_NT-TK_2010
NL_Spies_Liesbeth_1966__NL_NT-TK_2010__cab;NL_Spies_Liesbeth_1966;NL_NT-TK_2010
NL_Leers_Gerd_1951__NL_NT-TK_2010__cab;NL_Leers_Gerd_1951;NL_NT-TK_2010
NL_vanBijsterveldt_Marja_1961__NL_NT-TK_2010__cab;NL_vanBijsterveldt_Marja_1961;NL_NT-TK_2010
NL_Zijlstra_Halbe_1969__NL_NT-TK_2010__cab;NL_Zijlstra_Halbe_1969;NL_NT-TK_2010
NL_deJager_Jan_1969__NL_NT-TK_2010__cab;NL_deJager_Jan_1969;NL_NT-TK_2010
NL_Weekers_Frans_1967__NL_NT-TK_2010__cab;NL_Weekers_Frans_1967;NL_NT-TK_2010
NL_Hillen_Hans_1947__NL_NT-TK_2010__cab;NL_Hillen_Hans_1947;NL_NT-TK_2010
NL_Schultz_Melanie_1970__NL_NT-TK_2010__cab;NL_Schultz_Melanie_1970;NL_NT-TK_2010
NL_Atsma_Joop_1956__NL_NT-TK_2010__cab;NL_Atsma_Joop_1956;NL_NT-TK_2010
NL_Bleker_Henk_1953__NL_NT-TK_2010__cab;NL_Bleker_Henk_1953;NL_NT-TK_2010
NL_Kamp_Henk_1952__NL_NT-TK_2010__cab;NL_Kamp_Henk_1952;NL_NT-TK_2010
NL_deKrom_Paul_1963__NL_NT-TK_2010__cab;NL_deKrom_Paul_1963;NL_NT-TK_2010
NL_Schippers_Edith_1964__NL_NT-TK_2010__cab;NL_Schippers_Edith_1964;NL_NT-TK_2010
NL_Veldhuijzen_Marlies_1953__NL_NT-TK_2010__cab;NL_Veldhuijzen_Marlies_1953;NL_NT-TK_2010
NL_Rutte_Mark_1967__NL_NT-TK_2012__cab;NL_Rutte_Mark_1967;NL_NT-TK_2012
NL_Asscher_Lodewijk_1974__NL_NT-TK_2012__cab;NL_Asscher_Lodewijk_1974;NL_NT-TK_2012
NL_Timmermans_Frans_1961__NL_NT-TK_2012__cab;NL_Timmermans_Frans_1961;NL_NT-TK_2012
NL_Koenders_Bert_1958__NL_NT-TK_2012__cab;NL_Koenders_Bert_1958;NL_NT-TK_2012
NL_Ploumen_Lilianne_1962__NL_NT-TK_2012__cab;NL_Ploumen_Lilianne_1962;NL_NT-TK_2012
NL_Opstelten_Ivo_1944__NL_NT-TK_2012__cab;NL_Opstelten_Ivo_1944;NL_NT-TK_2012
NL_Blok_Stef_1964__NL_NT-TK_2012__cab;NL_Blok_Stef_1964;NL_NT-TK_2012
NL_vanderSteur_Ard_1969__NL_NT-TK_2012__cab;NL_vanderSteur_Ard_1969;NL_NT-TK_2012
NL_Teeven_Fred_1958__NL_NT-TK_2012__cab;NL_Teeven_Fred_1958;NL_NT-TK_2012
NL_Dijkhoff_Klaas_1981__NL_NT-TK_2012__cab;NL_Dijkhoff_Klaas_1981;NL_NT-TK_2012
NL_Plasterk_Ronald_1957__NL_NT-TK_2012__cab;NL_Plasterk_Ronald_1957;NL_NT-TK_2012
NL_Bussemaker_Jet_1961__NL_NT-TK_2012__cab;NL_Bussemaker_Jet_1961;NL_NT-TK_2012
NL_Dekker_Sander_1975__NL_NT-TK_2012__cab;NL_Dekker_Sander_1975;NL_NT-TK_2012
NL_Dijsselbloem_Jeroen_1966__NL_NT-TK_2012__cab;NL_Dijsselbloem_Jeroen_1966;NL_NT-TK_2012
NL_Weekers_Frans_1967__NL_NT-TK_2012__cab;NL_Weekers_Frans_1967;NL_NT-TK_2012
NL_Wiebes_Eric_1963__NL_NT-TK_2012__cab;NL_Wiebes_Eric_1963;NL_NT-TK_2012
NL_Hennis_Jeanine_1973__NL_NT-TK_2012__cab;NL_Hennis_Jeanine_1973;NL_NT-TK_2012
NL_Schultz_Melanie_1970__NL_NT-TK_2012__cab;NL_Schultz_Melanie_1970;NL_NT-TK_2012
NL_Mansveld_Wilma_1962__NL_NT-TK_2012__cab;NL_Mansveld_Wilma_1962;NL_NT-TK_2012
NL_Dijksma_Sharon_1971__NL_NT-TK_2012__cab;NL_Dijksma_Sharon_1971;NL_NT-TK_2012
NL_Kamp_Henk_1952__NL_NT-TK_2012__cab;NL_Kamp_Henk_1952;NL_NT-TK_2012
NL_Verdaas_Co_1966__NL_NT-TK_2012__cab;NL_Verdaas_Co_1966;NL_NT-TK_2012
NL_vanDam_Martijn_1978__NL_NT-TK_2012__cab;NL_vanDam_Martijn_1978;NL_NT-TK_2012
NL_Klijnsma_Jetta_1957__NL_NT-TK_2012__cab;NL_Klijnsma_Jetta_1957;NL_NT-TK_2012
NL_Schippers_Edith_1964__NL_NT-TK_2012__cab;NL_Schippers_Edith_1964;NL_NT-TK_2012
NL_vanRijn_Martin_1956__NL_NT-TK_2012__cab;NL_vanRijn_Martin_1956;NL_NT-TK_2012
